{"num_topics": 30, "batch_size": 64, "lr": 0.003772716556963602, "dropout": 0.04387154564371324, "num_epochs": 175, "momentum": 0.6117497103810823, "num_layers": 1, "num_neurons": 236, "activation": "softplus", "solver": "adam"}