,model,coherence_c_npmi,coherence_c_v,coherence_u_mass,coherence_c_uci,diversity_topic,similarity_rbo,similarity_pjs,dataset
0,gr_docs,0.08201556443252381,0.6826067550999672,-0.27535584943934216,-0.798458053977075,0.7310344827586207,0.05554140394088669,0.05318113331236914,docs
1,gr_media_docs,0.08701661337219616,0.6864877446648165,-0.37445485222738284,-0.5813245112200187,0.7241379310344828,0.07748885467980293,0.047450861772416156,docs
2,gr_sentences,0.10369605411881752,0.5019314876218379,-0.43737440457490717,-2.220314243312861,0.9793103448275862,0.0010593842364532424,0.0010514792728948809,sentences
3,gr_media_sentences,0.17311644474763882,0.6040861002645912,-0.3147210970807232,-0.5011885685703802,1.0,0.0,0.00012963443090484831,sentences
4,multilingual_docs,0.09431412624150924,0.7024014330722217,-0.1990945167704795,-0.6530812929009807,0.6086956521739131,0.10437968379446638,0.08208471655772762,docs
5,multilingual_sentences,0.14238982861901323,0.582601988638817,-0.3009657890531881,-1.3310628784850906,0.9724137931034482,0.0008026847290640848,0.0010514792728948809,sentences
