,model,coherence_npmi,coherence_cv,coherence_umass,coherence_uci,diversity_topic,diversity_kl,similarity_rbo,similarity_pjs,significance_kluni
0,lsi,0.1242270628471995,0.6630267775015504,-1.2058468929654411,0.6094501790639478,0.7384615384615385,0.8858640780497319,0.05663243589743594,0.03479774725904757,0.43423119548674755
1,lda,0.1017871671255301,0.6561599529089572,-1.1014301013785928,0.29803005222622403,0.9076923076923077,1.8118972335106287,0.016059807692307748,0.010659504467554003,1.3103941924793767
2,hdp,-0.05189656027027409,0.5092592310075847,-2.2020706179208456,-2.674711082551964,0.5546666666666666,0.3626099875725268,0.01608985279642061,0.01293287789745106,0.21426643637861859
3,nmf,0.1819044645312745,0.6992469700108788,-1.0211961369809646,0.9538687974708121,0.7230769230769231,3.9425695207809546,0.0548389102564103,0.05541883870057244,2.125014864472279
4,neural_lda,0.035712881661247725,0.6190238608851305,-1.5289812832859992,-1.0752320259373935,1.0,0.9783012924286035,0.0,0.0,0.49521462919484
5,prod_lda,-0.0932886905728839,0.5591373582225327,-1.808297054962296,-4.493538847822881,0.9230769230769231,,0.009804807692307738,0.004048582995951417,
