,model,coherence_npmi,coherence_cv,coherence_umass,coherence_uci,diversity_topic,similarity_rbo,similarity_pjs
0,lsi,0.04988792264197329,0.5584645244277449,-1.3672277470226095,-0.6516566666761423,0.5714285714285714,0.05240287520525455,0.03335184974450473
1,lda,0.10807024795941282,0.641829667934897,-1.363470776249319,0.12511433987054735,0.7761904761904762,0.014280954187192108,0.01322985737953176
2,hdp,-0.06023154048309463,0.4650141645154607,-2.2492694582363204,-2.814035107778605,0.49047619047619045,0.021874315020773416,0.016238493984665908
3,nmf,0.07152151490131667,0.5703056107534697,-1.6357504404392529,-0.2922563522298688,0.5142857142857142,0.05285515517241379,0.03504015843078505
4,neural_lda,0.03142797913985071,0.5724744762448831,-1.5668527268327168,-0.8450462290238558,1.0,0.0,0.0
5,prod_lda,0.05067409272720003,0.6782085718797198,-2.822026425020572,-1.6126425860356828,0.8857142857142857,0.00892802167487683,0.0069450446038467825
