,model,coherence_npmi,coherence_cv,coherence_umass,coherence_uci,diversity_topic,diversity_kl,similarity_rbo,similarity_pjs,significance_kluni
0,lsi,0.025563015465890387,0.5729393405483484,-1.782479499625515,-1.0360753995817336,0.58,0.38399620228034886,0.040895459770114995,0.03191852787774636,0.19000163969408174
1,lda,0.13495055045394533,0.6782781847773677,-1.2845519002181292,0.4306259972449152,0.84,2.1625423098432606,0.010659747126436803,0.01334452312887243,1.4335777898993685
2,hdp,-0.019948756665308234,0.5289391682454077,-2.0716232745181533,-1.9028018980662682,0.536,0.7970882639425725,0.01803234541387022,0.01476229944075469,0.4390169098272686
3,nmf,0.08659042307247938,0.6154985570685357,-1.5062331280132546,0.011992748661088385,0.6266666666666667,3.983607434298846,0.034040862068965505,0.029839514679911788,2.047831848440238
4,neural_lda,0.06158593043865017,0.6155893020336217,-1.483383543039826,-0.20257749083828688,1.0,1.5216896039316024,0.0,0.0003629764065335753,0.9186352627719189
5,prod_lda,-0.002676214189811534,0.6333292162291054,-2.2971708268523,-3.0440448047405684,0.92,,0.004981344827586165,0.004661558109833971,
