,model,coherence_npmi,coherence_cv,coherence_umass,coherence_uci,diversity_topic,diversity_kl,similarity_rbo,similarity_pjs,significance_kluni
0,lsi,0.03277866014438918,0.5926988848867832,-1.3457141179075838,-0.7523945954876488,0.62,0.3834754046912537,0.045157091954022954,0.03186332407534492,0.18985633831443469
1,lda,0.144815834906716,0.7009039283736854,-1.207785416446937,0.6629911030631532,0.7933333333333333,2.2763251686918324,0.014907793103448252,0.011207983899347195,1.5990326523260203
2,hdp,-0.034732858515202976,0.5186419553705467,-2.058369661653732,-2.3333485527119087,0.568,0.3587588666190716,0.015574219239373632,0.013512098665754911,0.21382396224669076
3,nmf,0.11360256309993834,0.6495223620231982,-1.6230927664246597,-0.14892239393451753,0.56,3.955660237545761,0.04273890804597702,0.03598306469556598,2.0143372303816856
4,neural_lda,0.013674109609114317,0.5521729900626386,-1.4678735467053277,-0.6202826126445488,0.98,1.3383925200193778,0.0015496781609195542,0.0010889292196007258,0.8358362507774875
5,prod_lda,-0.10438900982163972,0.5420470987282953,-2.8462633060759446,-4.63299004844996,0.94,,0.0032559310344827397,0.0038462450921082276,
