,model,coherence_npmi,coherence_cv,coherence_umass,coherence_uci,diversity_topic,diversity_kl,similarity_rbo,similarity_pjs,significance_kluni
0,lsi,0.04965446901957484,0.5953894485092548,-1.5190425335876634,-0.658022605156739,0.5866666666666667,0.3838536554074011,0.03854962068965517,0.029179089694729658,0.19022002803585153
1,lda,0.10274596030745993,0.6679144328897387,-1.4069680044119386,0.06107027208396867,0.82,2.2930981829248624,0.012209195402298811,0.011809470713068452,1.5486561670220664
2,hdp,-0.032528379911117906,0.5244713226259302,-2.115343635567074,-2.2667980085935007,0.5733333333333334,0.8048163872675032,0.015482863982102857,0.013934497383081635,0.4456713782288764
3,nmf,0.08208424967074833,0.625229923646654,-1.598272292701295,-0.4330161616044593,0.66,4.196659582349472,0.035241160919540215,0.032305795063348144,2.1164657726650837
4,neural_lda,0.043357160485315425,0.597298636601207,-1.4720776052960003,-0.34918191430964796,1.0,1.5014618246034643,0.0,0.0007259528130671506,0.9298083250096548
5,prod_lda,-0.08564885406539412,0.5623702027207396,-3.2200452505314634,-4.610133264637477,0.9266666666666666,,0.005015321839080489,0.0041161050021944635,
