,model,coherence_npmi,coherence_cv,coherence_umass,coherence_uci,diversity_topic,similarity_rbo,similarity_pjs
0,lsi,0.03717993340672728,0.5410576366824436,-1.5310918968178864,-0.7146601212344776,0.580952380952381,0.046329339573070616,0.032511626581232564
1,lda,0.08958184071354526,0.6154203518589717,-1.3253180608967825,-0.036632111084911496,0.7904761904761904,0.01308954761904757,0.012949914791486257
2,hdp,-0.04229443100700643,0.47520301827966893,-2.0780930426453565,-2.3254925597016034,0.48095238095238096,0.020086445829338495,0.015842142972028826
3,nmf,0.042384669920246525,0.554521663597205,-1.4483351528450787,-0.43511988811612234,0.5714285714285714,0.04705982364532013,0.03056986053142768
4,neural_lda,0.03578355753176763,0.5825250883874805,-1.5542580500904644,-0.9234343136290303,1.0,0.0,0.00024198427102238354
5,prod_lda,0.010246050340085319,0.6510870041960428,-3.6166931128052706,-2.4356601354066707,0.8714285714285714,0.012997372906403903,0.011765570546396847
