,model,coherence_npmi,coherence_cv,coherence_umass,coherence_uci,diversity_topic,diversity_kl,similarity_rbo,similarity_pjs,significance_kluni
0,lsi,0.14331808074548252,0.6777067699227145,-1.2089379949552488,0.6632845360978509,0.7076923076923077,0.8817326440477907,0.0617777564102564,0.054176101389723695,0.43405053537452576
1,lda,0.14831700062945632,0.6968931334232872,-1.0571212293638008,0.9250803083227339,0.8461538461538461,1.53069679859357,0.023561217948717905,0.01229569650622282,1.2497530080091157
2,hdp,-0.03815976156685453,0.5201535320860377,-2.197438174326374,-2.4012844517125207,0.54,0.3710216063100507,0.017246699776286345,0.01440814388473737,0.2212532599442335
3,nmf,0.18249112146177196,0.707452703680143,-1.4854870726932008,0.6550819236374791,0.6307692307692307,3.836839894279656,0.09840448717948713,0.08672005382531697,2.0605210538830154
4,neural_lda,-0.08334021911779982,0.5216344241955205,-2.214607378695774,-3.256871480125944,1.0,0.9870240634832627,0.0,0.0,0.4788638200183766
5,prod_lda,-0.13761355094406175,0.5371848840240367,-2.5477930233214767,-5.5110128174880995,0.9538461538461539,,0.006962884615384635,0.00638600019404973,
